<?xml version="1.0" encoding="UTF-8"?>
<style-scheme version="1.0" name="Gulf">
  <style name="Text" foreground="#aaaaaa" background="#272727"/>
  <style name="Link" foreground="#0055ff"/>
  <style name="Selection" foreground="#000000" background="#585858"/>
  <style name="LineNumber" foreground="#743196" background="#232323"/>
  <style name="SearchResult" background="#144c6b"/>
  <style name="SearchScope" background="#185b6a"/>
  <style name="Parentheses" foreground="#ff5555" background="#f4ef56"/>
  <style name="CurrentLine" background="#222222"/>
  <style name="CurrentLineNumber" foreground="#ffd117" bold="true"/>
  <style name="Occurrences" background="#6e8885"/>
  <style name="Occurrences.Unused" foreground="#808000"/>
  <style name="Occurrences.Rename" foreground="#ffaaaa" background="#553636"/>
  <style name="Number" foreground="#ff55ff"/>
  <style name="String" foreground="#7359f3"/>
  <style name="Type" foreground="#55ff55"/>
  <style name="Local" foreground="#70a28b"/>
  <style name="Field" foreground="#c1dee2"/>
  <style name="Static" foreground="#55ff55" italic="true"/>
  <style name="VirtualMethod" italic="true"/>
  <style name="Function" foreground="#b6b6b6"/>
  <style name="Keyword" foreground="#29a888" bold="true"/>
  <style name="Operator" foreground="#aaaaaa"/>
  <style name="Preprocessor" foreground="#479ad9"/>
  <style name="Label" foreground="#ffff55"/>
  <style name="Comment" foreground="#505e8f"/>
  <style name="Doxygen.Comment" foreground="#55ffff"/>
  <style name="Doxygen.Tag" foreground="#00a0a0"/>
  <style name="VisualWhitespace" foreground="#474747"/>
  <style name="QmlLocalId" foreground="#377c9b" italic="true"/>
  <style name="QmlExternalId" foreground="#436c80" italic="true"/>
  <style name="QmlTypeId" foreground="#800080"/>
  <style name="QmlRootObjectProperty" foreground="#377c9b" italic="true"/>
  <style name="QmlScopeObjectProperty" foreground="#377c9b" italic="true"/>
  <style name="QmlExternalObjectProperty" foreground="#436c80" italic="true"/>
  <style name="JsScopeVar" foreground="#2985c7" italic="true"/>
  <style name="JsImportVar" foreground="#0055af" italic="true"/>
  <style name="JsGlobalVar" foreground="#0055af" italic="true"/>
  <style name="QmlStateName" foreground="#377c9b" italic="true"/>
  <style name="Binding" foreground="#800000"/>
  <style name="DisabledCode" foreground="#626262" background="#222222"/>
  <style name="AddedLine" foreground="#55ffff"/>
  <style name="RemovedLine" foreground="#ff5555"/>
  <style name="DiffFile" foreground="#55ff55"/>
  <style name="DiffLocation" foreground="#ffff55"/>
</style-scheme>
